PostalCode,Borough,Neighborhood
M3A,North York,Parkwoods
M4A,North York,Victoria Village
M5A,Downtown Toronto,"Regent Park, Harbourfront"
M6A,North York,"Lawrence Manor, Lawrence Heights"
M7A,Queen's Park / Ontario Provincial Government,"Queen's Park, Ontario Provincial Government"
M9A,Etobicoke,Islington Avenue
M1B,Scarborough,"Malvern, Rouge"
M3B,North York,Don Mills North
M4B,East York,"Parkview Hill, Woodbine Gardens"
M5B,Downtown Toronto,"Garden District, Ryerson"
M6B,North York,Glencairn
M9B,Etobicoke,"West Deane Park, Princess Gardens, Martin Grove, Islington, Cloverdale"
M1C,Scarborough,"Rouge Hill, Port Union, Highland Creek"
M3C,North York,"Don Mills South, Flemingdon Park"
M4C,East York,Woodbine Heights
M5C,Downtown Toronto,St. James Town
M6C,York,Humewood-Cedarvale
M9C,Etobicoke,"Eringate, Bloordale Gardens, Old Burnhamthorpe, Markland Wood"
M1E,Scarborough,"Guildwood, Morningside, West Hill"
M4E,East Toronto,The Beaches
M5E,Downtown Toronto,Berczy Park
M6E,York,Caledonia-Fairbanks
M1G,Scarborough,Woburn
M4G,East York,Leaside
M5G,Downtown Toronto,Central Bay Street
M6G,Downtown Toronto,Christie
M1H,Scarborough,Cedarbrae
M2H,North York,Hillcrest Village
M3H,North York,"Bathurst Manor, Wilson Heights, Downsview North"
M4H,East York,Thorncliffe Park
M5H,Downtown Toronto,"Richmond, Adelaide, King"
M6H,West Toronto,"Dufferin, Dovercourt Village"
M1J,Scarborough,Scarborough Village
M2J,North York,"Fairview, Henry Farm, Oriole"
M3J,North York,"Northwood Park, York University"
M4J,East YorkEast Toronto,The Danforth  East
M5J,Downtown Toronto,"Harbourfront East, Union Station, Toronto Islands"
M6J,West Toronto,"Little Portugal, Trinity"
M1K,Scarborough,"Kennedy Park, Ionview, East Birchmount Park"
M2K,North York,Bayview Village
M3K,North York,"Downsview East, CFB Toronto"
M4K,East Toronto,"The Danforth West, Riverdale"
M5K,Downtown Toronto,"Toronto Dominion Centre, Design Exchange"
M6K,West Toronto,"Brockton, Parkdale Village, Exhibition Place"
M1L,Scarborough,"Golden Mile, Clairlea, Oakridge"
M2L,North York,"York Mills, Silver Hills"
M3L,North York,Downsview West
M4L,East Toronto,"India Bazaar, The Beaches West"
M5L,Downtown Toronto,"Commerce Court, Victoria Hotel"
M6L,North York,"North Park, Maple Leaf Park, Upwood Park"
M9L,North York,Humber Summit
M1M,Scarborough,"Cliffside, Cliffcrest, Scarborough Village West"
M2M,North York,"Willowdale, Newtonbrook"
M3M,North York,Downsview Central
M4M,East Toronto,Studio District
M5M,North York,"Bedford Park, Lawrence Manor East"
M6M,York,"Del Ray, Mount Dennis, Keelsdale and Silverthorn"
M9M,North York,"Humberlea, Emery"
M1N,Scarborough,"Birch Cliff, Cliffside West"
M2N,North York,Willowdale South
M3N,North York,Downsview Northwest
M4N,Central Toronto,Lawrence Park
M5N,Central Toronto,Roselawn
M6N,York,"Runnymede, The Junction North"
M9N,York,Weston
M1P,Scarborough,"Dorset Park, Wexford Heights, Scarborough Town Centre"
M2P,North York,York Mills West
M4P,Central Toronto,Davisville North
M5P,Central Toronto,Forest Hill North & West
M6P,West Toronto,"High Park, The Junction South"
M9P,Etobicoke,Westmount
M1R,Scarborough,"Wexford, Maryvale"
M2R,North York,Willowdale West
M4R,Central Toronto,North Toronto West
M5R,Central Toronto,"The Annex, North Midtown, Yorkville"
M6R,West Toronto,"Parkdale, Roncesvalles"
M7R,MississaugaCanada Post Gateway Processing Centre,Enclave of L4W
M9R,Etobicoke,"Kingsview Village, St. Phillips, Martin Grove Gardens, Richview Gardens"
M1S,Scarborough,Agincourt
M4S,Central Toronto,Davisville
M5S,Downtown Toronto,"University of Toronto, Harbord"
M6S,West Toronto,"Runnymede, Swansea"
M1T,Scarborough,"Clarks Corners, Tam O'Shanter, Sullivan"
M4T,Central Toronto,"Moore Park, Summerhill East"
M5T,Downtown Toronto,"Kensington Market, Chinatown, Grange Park"
M1V,Scarborough,"Milliken, Agincourt North, Steeles East, L'Amoreaux East"
M4V,Central Toronto,"Summerhill West, Rathnelly, South Hill, Forest Hill SE, Deer Park"
M5V,Downtown Toronto,"CN Tower, King and Spadina, Railway Lands, Harbourfront West, Bathurst Quay, South Niagara, Island airport"
M8V,Etobicoke,"New Toronto, Mimico South, Humber Bay Shores"
M9V,Etobicoke,"South Steeles, Silverstone, Humbergate, Jamestown, Mount Olive, Beaumond Heights, Thistletown, Albion Gardens"
M1W,Scarborough,"Steeles West, L'Amoreaux West"
M4W,Downtown Toronto,Rosedale
M5W,Downtown TorontoStn A PO Boxes25 The Esplanade,Enclave of M5E
M8W,Etobicoke,"Alderwood, Long Branch"
M9W,EtobicokeNorthwest,"Clairville, Humberwood, Woodbine Downs, West Humber, Kipling Heights, Rexdale, Elms, Tandridge, Old Rexdale"
M1X,Scarborough,Upper Rouge
M4X,Downtown Toronto,"St. James Town, Cabbagetown"
M5X,Downtown Toronto,"First Canadian Place, Underground city"
M8X,Etobicoke,"The Kingsway, Montgomery Road, Old Mill North"
M4Y,Downtown Toronto,Church and Wellesley
M7Y,East TorontoBusiness reply mail Processing Centre969 Eastern,Enclave of M4L
M8Y,Etobicoke,"Old Mill South, King's Mill Park, Sunnylea, Humber Bay, Mimico NE, The Queensway East, Royal York South East, Kingsway Park South East"
M8Z,Etobicoke,"Mimico NW, The Queensway West, South of Bloor, Kingsway Park South West, Royal York South West"
